{
  "IcoMoonType": "selection",
  "icons": [
    {
      "icon": {
        "paths": [
          "M621.619 687.002c13.722 13.875 13.722 36.301 0 50.074-13.722 13.824-35.891 13.926-49.613 0l-196.096-200.090c-13.722-13.824-13.722-36.198 0-50.125l196.096-200.090c13.67-13.824 35.891-13.824 49.613 0 13.722 13.875 13.722 36.301 0 50.074l-160.819 175.155 160.819 175.002z"
        ],
        "attrs": [],
        "isMulticolor": false,
        "isMulticolor2": false,
        "tags": [
          "chevron-small-left"
        ],
        "grid": 20
      },
      "attrs": [],
      "properties": {
        "id": 38,
        "order": 14,
        "prevSize": 20,
        "code": 59660,
        "name": "chevron-small-left"
      },
      "setIdx": 0,
      "setId": 2,
      "iconIdx": 37
    },
    {
      "icon": {
        "paths": [
          "M563.2 512l-160.819-175.104c-13.722-13.824-13.722-36.198 0-50.074 13.722-13.824 35.891-13.824 49.613 0l196.096 200.090c13.722 13.875 13.722 36.301 0 50.125l-196.096 200.090c-13.67 13.926-35.891 13.824-49.613 0-13.722-13.773-13.722-36.198 0-50.074l160.819-175.053z"
        ],
        "attrs": [],
        "isMulticolor": false,
        "isMulticolor2": false,
        "tags": [
          "chevron-small-right"
        ],
        "grid": 20
      },
      "attrs": [],
      "properties": {
        "id": 39,
        "order": 15,
        "prevSize": 20,
        "code": 59661,
        "name": "chevron-small-right"
      },
      "setIdx": 0,
      "setId": 2,
      "iconIdx": 38
    },
    {
      "icon": {
        "paths": [
          "M768 153.6h-102.4c-28.314 0-51.2 2.458-51.2 30.72v655.36c0 28.262 22.886 30.72 51.2 30.72h102.4c28.314 0 51.2-2.458 51.2-30.72v-655.36c0-28.262-22.886-30.72-51.2-30.72zM358.4 153.6h-102.4c-28.314 0-51.2 2.458-51.2 30.72v655.36c0 28.262 22.886 30.72 51.2 30.72h102.4c28.314 0 51.2-2.458 51.2-30.72v-655.36c0-28.262-22.886-30.72-51.2-30.72z"
        ],
        "attrs": [],
        "isMulticolor": false,
        "isMulticolor2": false,
        "tags": [
          "controller-paus"
        ],
        "grid": 20
      },
      "attrs": [],
      "properties": {
        "id": 54,
        "order": 16,
        "prevSize": 20,
        "code": 59662,
        "name": "controller-paus"
      },
      "setIdx": 0,
      "setId": 2,
      "iconIdx": 53
    },
    {
      "icon": {
        "paths": [
          "M768 512.051c0 15.309-15.616 26.317-15.616 26.317l-438.323 271.514c-31.949 20.941-58.061 5.427-58.061-34.253v-527.206c0-39.782 26.112-55.194 58.112-34.304l438.323 271.616c-0.051 0 15.565 11.008 15.565 26.317z"
        ],
        "attrs": [],
        "isMulticolor": false,
        "isMulticolor2": false,
        "tags": [
          "controller-play"
        ],
        "grid": 20
      },
      "attrs": [],
      "properties": {
        "id": 55,
        "order": 18,
        "prevSize": 20,
        "code": 59664,
        "name": "controller-play"
      },
      "setIdx": 0,
      "setId": 2,
      "iconIdx": 54
    },
    {
      "icon": {
        "paths": [
          "M512 153.6c-197.939 0-358.4 160.41-358.4 358.4 0 197.888 160.461 358.4 358.4 358.4s358.4-160.512 358.4-358.4c0-197.99-160.461-358.4-358.4-358.4z"
        ],
        "attrs": [],
        "isMulticolor": false,
        "isMulticolor2": false,
        "tags": [
          "controller-record"
        ],
        "grid": 20
      },
      "attrs": [],
      "properties": {
        "id": 56,
        "order": 17,
        "prevSize": 20,
        "code": 59663,
        "name": "controller-record"
      },
      "setIdx": 0,
      "setId": 2,
      "iconIdx": 55
    },
    {
      "icon": {
        "paths": [
          "M292.813 755.2c-12.083 0-24.269-4.25-33.997-12.902l-259.072-230.298 273.459-243.098c21.094-18.688 53.453-16.896 72.243 4.25s16.896 53.504-4.25 72.294l-187.341 166.554 172.954 153.702c21.146 18.79 23.040 51.149 4.25 72.294-10.086 11.418-24.166 17.203-38.246 17.203zM750.797 755.098l273.459-243.098-259.072-230.298c-21.146-18.79-53.504-16.896-72.243 4.25-18.79 21.146-16.896 53.504 4.25 72.294l172.954 153.754-187.341 166.502c-21.146 18.79-23.040 51.149-4.25 72.294 10.086 11.418 24.166 17.203 38.246 17.203 12.083 0 24.269-4.25 33.997-12.902zM511.283 827.648l102.4-614.4c4.659-27.904-14.182-54.272-42.086-58.931-28.006-4.71-54.323 14.182-58.88 42.086l-102.4 614.4c-4.659 27.904 14.182 54.272 42.086 58.931 2.867 0.461 5.632 0.666 8.448 0.666 24.576 0 46.285-17.766 50.432-42.752z"
        ],
        "attrs": [],
        "isMulticolor": false,
        "isMulticolor2": false,
        "tags": [
          "code"
        ],
        "grid": 20
      },
      "attrs": [],
      "properties": {
        "id": 135,
        "order": 3,
        "prevSize": 20,
        "code": 59648,
        "name": "code"
      },
      "setIdx": 0,
      "setId": 2,
      "iconIdx": 134
    },
    {
      "icon": {
        "paths": [
          "M956.006 563.2h-85.606v307.2c0 22.784-9.933 51.2-51.2 51.2h-204.8v-307.2h-204.8v307.2h-204.8c-41.267 0-51.2-28.416-51.2-51.2v-307.2h-85.606c-30.618 0-24.064-16.589-3.072-38.298l410.829-411.238c9.984-10.342 23.091-15.462 36.25-15.974 13.158 0.512 26.266 5.581 36.25 15.974l410.778 411.187c21.043 21.76 27.597 38.349-3.021 38.349z"
        ],
        "attrs": [],
        "isMulticolor": false,
        "isMulticolor2": false,
        "tags": [
          "home"
        ],
        "grid": 20
      },
      "attrs": [],
      "properties": {
        "id": 185,
        "order": 2,
        "prevSize": 20,
        "code": 59649,
        "name": "home"
      },
      "setIdx": 0,
      "setId": 2,
      "iconIdx": 184
    },
    {
      "icon": {
        "paths": [
          "M512 102.861c-141.414 0-256 114.125-256 255.488 0 244.429 256 563.2 256 563.2s256-318.822 256-563.2c0-141.312-114.586-255.488-256-255.488zM512 499.712c-76.39 0-138.24-61.901-138.24-138.24s61.85-138.24 138.24-138.24c76.288 0 138.189 61.901 138.189 138.24s-61.901 138.24-138.189 138.24z"
        ],
        "attrs": [],
        "isMulticolor": false,
        "isMulticolor2": false,
        "tags": [
          "location-pin"
        ],
        "grid": 20
      },
      "attrs": [],
      "properties": {
        "id": 210,
        "order": 12,
        "prevSize": 20,
        "code": 59656,
        "name": "location-pin"
      },
      "setIdx": 0,
      "setId": 2,
      "iconIdx": 209
    },
    {
      "icon": {
        "paths": [
          "M991.59 926.822l-69.99-210.022h-76.8l42.65 204.8h-750.899l42.65-204.8h-76.8l-70.042 210.022c-17.766 53.453 13.722 97.178 70.042 97.178h819.2c56.32 0 87.808-43.725 69.99-97.178zM768 256c0-141.363-114.586-256-256-256s-256 114.637-256 256c0 244.48 256 512 256 512s256-267.52 256-512zM373.76 259.072c0-76.339 61.85-138.189 138.24-138.189s138.24 61.85 138.24 138.189c0 76.39-61.901 138.24-138.24 138.24s-138.24-61.901-138.24-138.24z"
        ],
        "attrs": [],
        "isMulticolor": false,
        "isMulticolor2": false,
        "tags": [
          "location"
        ],
        "grid": 20
      },
      "attrs": [],
      "properties": {
        "id": 211,
        "order": 11,
        "prevSize": 20,
        "code": 59657,
        "name": "location"
      },
      "setIdx": 0,
      "setId": 2,
      "iconIdx": 210
    },
    {
      "icon": {
        "paths": [
          "M839.68 460.8h-655.36c-28.262 0-30.72 22.886-30.72 51.2s2.458 51.2 30.72 51.2h655.36c28.262 0 30.72-22.886 30.72-51.2s-2.458-51.2-30.72-51.2zM839.68 665.6h-655.36c-28.262 0-30.72 22.886-30.72 51.2s2.458 51.2 30.72 51.2h655.36c28.262 0 30.72-22.886 30.72-51.2s-2.458-51.2-30.72-51.2zM184.32 358.4h655.36c28.262 0 30.72-22.886 30.72-51.2s-2.458-51.2-30.72-51.2h-655.36c-28.262 0-30.72 22.886-30.72 51.2s2.458 51.2 30.72 51.2z"
        ],
        "attrs": [],
        "isMulticolor": false,
        "isMulticolor2": false,
        "tags": [
          "menu"
        ],
        "grid": 20
      },
      "attrs": [],
      "properties": {
        "id": 225,
        "order": 19,
        "prevSize": 20,
        "code": 59665,
        "name": "menu"
      },
      "setIdx": 0,
      "setId": 2,
      "iconIdx": 224
    },
    {
      "icon": {
        "paths": [
          "M766.515 483.226c-21.606 33.587-33.075 19.2-26.624 0 17.203-50.842 17.818-231.834-125.491-254.413l-0.102 590.387c0 84.838-88.832 204.8-255.898 204.8-84.838 0-153.6-44.595-153.6-128 0-108.493 98.662-174.080 204.8-174.080 67.994 0 102.4 20.48 102.4 20.48v-742.4h102.4c0 137.011 306.483 242.893 152.115 483.226z"
        ],
        "attrs": [],
        "isMulticolor": false,
        "isMulticolor2": false,
        "tags": [
          "note"
        ],
        "grid": 20
      },
      "attrs": [],
      "properties": {
        "id": 238,
        "order": 13,
        "prevSize": 20,
        "code": 59658,
        "name": "note"
      },
      "setIdx": 0,
      "setId": 2,
      "iconIdx": 237
    },
    {
      "icon": {
        "paths": [
          "M921.6 204.8h-51.2v768h51.2c56.32 0 102.4-46.080 102.4-102.4v-563.2c0-56.32-46.080-102.4-102.4-102.4zM0 307.2v563.2c0 56.32 46.029 102.4 102.4 102.4h51.2v-768h-51.2c-56.371 0-102.4 46.080-102.4 102.4zM691.2 97.587c-34.867-16.179-96.717-46.387-180.173-46.387-83.61 0-143.36 30.208-178.227 46.387v107.213h-128v768h614.4v-768h-128v-107.213zM614.4 204.8h-204.8v-68.403c27.341-11.776 55.194-23.808 101.427-23.808 46.182 0 76.083 11.981 103.373 23.808v68.403z"
        ],
        "attrs": [],
        "isMulticolor": false,
        "isMulticolor2": false,
        "tags": [
          "suitcase"
        ],
        "grid": 20
      },
      "attrs": [],
      "properties": {
        "id": 288,
        "order": 8,
        "prevSize": 20,
        "code": 59650,
        "name": "suitcase"
      },
      "setIdx": 0,
      "setId": 2,
      "iconIdx": 287
    },
    {
      "icon": {
        "paths": [
          "M395.52 109.875c-52.019 38.707-65.997 99.994-63.437 132.608 3.277 39.885 11.366 91.802 11.366 91.802s-16.026 8.704-16.026 43.725c5.581 87.91 34.97 49.971 41.011 88.525 14.541 92.877 47.77 76.339 47.77 127.027 0 84.429-34.816 123.904-143.514 170.701-109.056 47.002-221.491 106.138-221.491 208.538v51.2h921.6v-51.2c0-102.4-112.486-161.536-221.594-208.486-108.698-46.797-143.411-86.221-143.411-170.701 0-50.688 33.126-34.15 47.718-127.027 6.093-38.554 35.43-0.614 41.114-88.525 0-35.021-16.077-43.725-16.077-43.725s8.090-51.917 11.315-91.802c3.328-41.83-20.378-131.123-117.76-158.515-17.050-17.408-28.57-45.107 23.859-72.909-114.688-5.376-141.363 54.63-202.445 98.765z"
        ],
        "attrs": [],
        "isMulticolor": false,
        "isMulticolor2": false,
        "tags": [
          "user"
        ],
        "grid": 20
      },
      "attrs": [],
      "properties": {
        "id": 311,
        "order": 10,
        "prevSize": 20,
        "code": 59659,
        "name": "user"
      },
      "setIdx": 0,
      "setId": 2,
      "iconIdx": 310
    },
    {
      "icon": {
        "paths": [
          "M818.637 979.405c0-114.995-111.974-173.517-221.030-220.518-108.698-46.797-143.411-86.221-143.411-170.701 0-50.637 33.178-34.15 47.718-127.027 6.144-38.502 35.43-0.614 41.062-88.525 0-35.021-16.026-43.725-16.026-43.725s8.141-51.866 11.315-91.802c3.277-41.83-20.378-131.072-117.811-158.464-16.998-17.459-28.518-45.158 23.91-72.909-114.688-5.325-141.363 54.682-202.445 98.816-51.968 38.707-65.997 99.994-63.488 132.608 3.328 39.936 11.418 91.802 11.418 91.802s-16.077 8.704-16.077 43.725c5.632 87.962 35.021 50.022 41.114 88.525 14.541 92.877 47.77 76.39 47.77 127.027 0 84.48-10.854 113.152-119.603 159.949-109.107 46.95-143.053 122.214-142.49 231.219 0.154 32.614-0.563 44.595-0.563 44.595h819.2c0 0-0.563-11.981-0.563-44.595zM948.634 684.288c-58.112-23.398-82.176-51.302-82.176-105.779 0-32.819 21.402-22.118 30.822-82.074 3.942-24.781 22.886-0.41 26.522-57.088 0-22.579-10.342-28.211-10.342-28.211s5.274-33.587 7.322-59.341c2.56-32.102-18.637-115.046-116.122-115.046-97.434 0-118.682 82.944-116.173 115.046 2.15 25.702 7.373 59.341 7.373 59.341s-10.342 5.581-10.342 28.211c3.635 56.678 22.579 32.307 26.522 57.088 9.421 60.006 30.822 49.306 30.822 82.074 0 54.477-22.426 79.974-92.621 110.182-3.533 1.485-6.144 3.482-9.37 5.222 83.968 36.454 216.371 99.379 247.706 227.686h135.424c0 0 0-97.587 0-118.682 0-51.2-13.978-93.901-75.366-118.63z"
        ],
        "attrs": [],
        "isMulticolor": false,
        "isMulticolor2": false,
        "tags": [
          "users"
        ],
        "grid": 20
      },
      "attrs": [],
      "properties": {
        "id": 312,
        "order": 9,
        "prevSize": 20,
        "code": 59655,
        "name": "users"
      },
      "setIdx": 0,
      "setId": 2,
      "iconIdx": 311
    },
    {
      "icon": {
        "paths": [
          "M955.955 616.294c6.758-31.898 10.394-65.126 10.394-99.226 0-255.283-201.216-462.285-449.382-462.285-26.163 0-51.814 2.406-76.8 6.81-40.192-26.010-87.654-41.114-138.598-41.114-143.923 0-260.608 120.013-260.608 268.134 0 49.408 13.107 95.795 35.789 135.578-5.939 30.003-9.114 61.133-9.114 92.928 0 255.283 201.216 462.285 449.28 462.285 28.211 0 55.654-2.611 82.278-7.68 36.71 20.275 78.592 31.795 123.187 31.795 143.923 0 260.608-120.013 260.608-268.083 0.051-42.854-9.728-83.251-27.034-119.142zM747.469 738.099c-20.787 30.208-51.507 54.221-91.29 71.219-39.373 16.896-86.63 25.395-140.39 25.395-64.512 0-118.63-11.622-160.922-34.714-30.208-16.794-55.091-39.475-73.984-67.482-19.046-28.416-28.723-56.525-28.723-83.61 0-16.896 6.298-31.59 18.688-43.622 12.288-11.878 28.109-18.022 46.899-18.022 15.411 0 28.774 4.813 39.578 14.182 10.342 9.011 19.2 22.426 26.317 39.578 7.987 18.79 16.691 34.611 25.856 47.104 8.806 11.981 21.504 22.118 37.632 30.003 16.282 7.885 38.298 11.878 65.28 11.878 37.12 0 67.584-8.090 90.522-24.218 22.426-15.821 33.28-34.611 33.28-57.702 0-18.278-5.683-32.614-17.408-43.878-12.186-11.674-28.416-20.89-47.923-27.187-20.429-6.502-48.179-13.619-82.483-20.992-46.592-10.291-86.17-22.477-117.709-36.198-32.256-14.080-58.214-33.69-77.21-58.214-19.2-24.73-29.030-55.91-29.030-92.518 0-34.918 10.24-66.406 30.515-93.594 20.122-26.88 49.408-47.872 87.194-62.31 37.274-14.182 81.715-21.402 131.891-21.402 40.090 0 75.418 4.813 104.806 14.182 29.594 9.523 54.579 22.323 74.189 38.093 19.814 15.923 34.509 32.922 43.725 50.483 9.318 17.92 14.080 35.584 14.080 52.787 0 16.486-6.195 31.488-18.483 44.595-12.288 13.21-27.802 19.814-46.080 19.814-16.589 0-29.696-4.198-38.707-12.39-8.397-7.578-17.203-19.61-26.829-36.71-11.213-21.914-24.781-39.219-40.346-51.302-15.104-11.878-40.346-17.92-75.059-17.92-32.205 0-58.419 6.707-77.773 19.814-18.842 12.749-27.904 27.238-27.904 44.339 0 10.598 2.97 19.405 9.011 26.88 6.4 8.090 15.411 15.104 26.778 20.992 11.776 6.144 23.91 10.957 36.096 14.438 12.493 3.584 33.485 8.806 62.208 15.718 36.403 7.987 69.786 16.998 99.277 26.675 29.952 9.882 55.808 22.016 76.902 36.096 21.504 14.49 38.605 33.024 50.637 55.091 12.134 22.221 18.278 49.613 18.278 81.408 0.051 38.144-10.547 72.806-31.386 103.219z"
        ],
        "attrs": [],
        "isMulticolor": false,
        "isMulticolor2": false,
        "tags": [
          "skype"
        ],
        "grid": 20
      },
      "attrs": [],
      "properties": {
        "id": 342,
        "order": 7,
        "prevSize": 20,
        "code": 59651,
        "name": "skype"
      },
      "setIdx": 0,
      "setId": 2,
      "iconIdx": 341
    },
    {
      "icon": {
        "paths": [
          "M870.4 51.2h-716.8c-56.32 0-102.4 46.080-102.4 102.4v716.8c0 56.371 46.080 102.4 102.4 102.4h358.4v-358.4h-102.4v-126.72h102.4v-104.96c0-110.797 62.054-188.621 192.819-188.621l92.314 0.102v133.376h-61.286c-50.893 0-70.246 38.195-70.246 73.626v86.528h131.482l-29.082 126.669h-102.4v358.4h204.8c56.32 0 102.4-46.029 102.4-102.4v-716.8c0-56.32-46.080-102.4-102.4-102.4z"
        ],
        "attrs": [],
        "isMulticolor": false,
        "isMulticolor2": false,
        "tags": [
          "facebook"
        ],
        "grid": 20
      },
      "attrs": [],
      "properties": {
        "id": 360,
        "order": 4,
        "prevSize": 20,
        "code": 59652,
        "name": "facebook"
      },
      "setIdx": 0,
      "setId": 2,
      "iconIdx": 359
    },
    {
      "icon": {
        "paths": [
          "M870.4 51.2h-716.8c-56.32 0-102.4 46.080-102.4 102.4v716.8c0 56.371 46.080 102.4 102.4 102.4h716.8c56.32 0 102.4-46.029 102.4-102.4v-716.8c0-56.32-46.080-102.4-102.4-102.4zM511.181 794.778c156.621 0 283.546-127.027 283.546-283.597 0-17.306-2.202-33.997-5.274-50.381h80.947v369.459c0 19.558-15.872 35.328-35.482 35.328h-645.837c-19.61-0-35.482-15.77-35.482-35.328v-369.459h79.309c-3.123 16.384-5.325 33.075-5.325 50.381 0 156.621 127.027 283.597 283.597 283.597zM333.978 511.181c0-97.894 79.36-177.203 177.254-177.203 97.843 0 177.254 79.309 177.254 177.203s-79.411 177.254-177.254 177.254c-97.946 0-177.254-79.36-177.254-177.254zM834.918 307.2h-82.688c-19.558 0-35.43-15.974-35.43-35.43v-82.79c0-19.558 15.872-35.379 35.379-35.379h82.688c19.661 0 35.533 15.821 35.533 35.379v82.739c0 19.507-15.872 35.482-35.482 35.482z"
        ],
        "attrs": [],
        "isMulticolor": false,
        "isMulticolor2": false,
        "tags": [
          "instagram"
        ],
        "grid": 20
      },
      "attrs": [],
      "properties": {
        "id": 368,
        "order": 5,
        "prevSize": 20,
        "code": 59653,
        "name": "instagram"
      },
      "setIdx": 0,
      "setId": 2,
      "iconIdx": 367
    },
    {
      "icon": {
        "paths": [
          "M798.72 931.635c-39.782 18.995-75.776 32.307-107.981 39.987-32.256 7.578-67.123 11.418-104.602 11.418-42.547 0-80.179-5.478-112.896-16.282-32.717-10.906-60.57-26.419-83.712-46.49-23.091-20.224-39.117-41.574-48.026-64.205-8.909-22.682-13.363-55.603-13.363-98.611v-330.496h-102.861v-133.325c36.557-11.981 67.891-29.184 93.952-51.712 26.112-22.426 47.002-49.408 62.822-80.896 15.77-31.386 26.573-71.475 32.563-120.064h132.352v238.182h220.877v147.814h-220.877v241.613c0 54.579 2.867 89.702 8.602 105.216 5.683 15.514 16.333 27.904 31.846 37.12 20.634 12.493 44.186 18.79 70.707 18.79 47.104 0 94.003-15.514 140.595-46.49v148.429z"
        ],
        "attrs": [],
        "isMulticolor": false,
        "isMulticolor2": false,
        "tags": [
          "tumblr"
        ],
        "grid": 20
      },
      "attrs": [],
      "properties": {
        "id": 379,
        "order": 6,
        "prevSize": 20,
        "code": 59654,
        "name": "tumblr"
      },
      "setIdx": 0,
      "setId": 2,
      "iconIdx": 378
    }
  ],
  "height": 1024,
  "metadata": {
    "name": "icomoon"
  },
  "preferences": {
    "showGlyphs": true,
    "showQuickUse": true,
    "showQuickUse2": true,
    "showSVGs": true,
    "fontPref": {
      "prefix": "icon-",
      "metadata": {
        "fontFamily": "icomoon"
      },
      "metrics": {
        "emSize": 1024,
        "baseline": 6.25,
        "whitespace": 50
      },
      "embed": false
    },
    "imagePref": {
      "prefix": "icon-",
      "png": true,
      "useClassSelector": true,
      "color": 0,
      "bgColor": 16777215,
      "classSelector": ".icon"
    },
    "historySize": 50,
    "showCodes": true,
    "gridSize": 16
  }
}